<?xml version="1.0" encoding="utf-8"?><manifest identifier="MANIFEST-fef81e90-d0e2-4812-9011-e02e73b60b33" xsi:schemaLocation="http://www.imsglobal.org/xsd/imscp_v1p1 http://www.imsglobal.org/xsd/imscp_v1p2.xsd http://www.imsglobal.org/xsd/imsmd_v1p2 http://www.imsglobal.org/xsd/imsmd_v1p2p2.xsd http://www.imsglobal.org/xsd/imsqti_v2p1 http://www.imsglobal.org/xsd/imsqti_v2p1.xsd" xmlns="http://www.imsglobal.org/xsd/imscp_v1p2" xmlns:imsqti="http://www.imsglobal.org/xsd/imsqti_v2p1" xmlns:imsmd="http://www.imsglobal.org/xsd/imsmd_v1p2" xmlns:xsi="http://www.w3.org/2001/XMLSchema-instance"><metadata><schema>IMS Content</schema><schemaversion>1.2</schemaversion><imsmd:lom><imsmd:general><imsmd:title><imsmd:langstring xml:lang="en">Content package with QTI v2.1 items</imsmd:langstring></imsmd:title></imsmd:general><imsmd:technical><imsmd:format>text/x-imsqti-item-xml</imsmd:format></imsmd:technical><imsmd:rights><imsmd:description><imsmd:langstring xml:lang="en">Copyright (c) 2020 itslearning - All rights reserved, http://itslearning.com</imsmd:langstring></imsmd:description></imsmd:rights></imsmd:lom></metadata><organizations /><resources><resource identifier="resource-item-150098" type="imsqti_item_xmlv2p1" href="item150098.xml"><metadata><imsmd:lom><imsmd:general><imsmd:title><imsmd:langstring xml:lang="en">MultipleResponse</imsmd:langstring></imsmd:title></imsmd:general><imsmd:technical><imsmd:format>text/x-imsqti-item-xml</imsmd:format></imsmd:technical></imsmd:lom><imsqti:qtiMetadata><imsqti:interactionType>choiceInteraction</imsqti:interactionType></imsqti:qtiMetadata></metadata><file href="item150098.xml" /></resource><resource identifier="resource-item-150099" type="imsqti_item_xmlv2p1" href="item150099.xml"><metadata><imsmd:lom><imsmd:general><imsmd:title><imsmd:langstring xml:lang="en">MultipleResponse</imsmd:langstring></imsmd:title></imsmd:general><imsmd:technical><imsmd:format>text/x-imsqti-item-xml</imsmd:format></imsmd:technical></imsmd:lom><imsqti:qtiMetadata><imsqti:interactionType>choiceInteraction</imsqti:interactionType></imsqti:qtiMetadata></metadata><file href="item150099.xml" /></resource><resource identifier="resource-item-150100" type="imsqti_item_xmlv2p1" href="item150100.xml"><metadata><imsmd:lom><imsmd:general><imsmd:title><imsmd:langstring xml:lang="en">MultipleChoice</imsmd:langstring></imsmd:title></imsmd:general><imsmd:technical><imsmd:format>text/x-imsqti-item-xml</imsmd:format></imsmd:technical></imsmd:lom><imsqti:qtiMetadata><imsqti:interactionType>choiceInteraction</imsqti:interactionType></imsqti:qtiMetadata></metadata><file href="item150100.xml" /></resource><resource identifier="resource-item-150101" type="imsqti_item_xmlv2p1" href="item150101.xml"><metadata><imsmd:lom><imsmd:general><imsmd:title><imsmd:langstring xml:lang="en">EitherOr</imsmd:langstring></imsmd:title></imsmd:general><imsmd:technical><imsmd:format>text/x-imsqti-item-xml</imsmd:format></imsmd:technical></imsmd:lom><imsqti:qtiMetadata><imsqti:interactionType>choiceInteraction</imsqti:interactionType></imsqti:qtiMetadata></metadata><file href="item150101.xml" /></resource><resource identifier="resource-item-150102" type="imsqti_item_xmlv2p1" href="item150102.xml"><metadata><imsmd:lom><imsmd:general><imsmd:title><imsmd:langstring xml:lang="en">MultipleChoice</imsmd:langstring></imsmd:title></imsmd:general><imsmd:technical><imsmd:format>text/x-imsqti-item-xml</imsmd:format></imsmd:technical></imsmd:lom><imsqti:qtiMetadata><imsqti:interactionType>choiceInteraction</imsqti:interactionType></imsqti:qtiMetadata></metadata><file href="item150102.xml" /></resource><resource identifier="resource-item-150103" type="imsqti_item_xmlv2p1" href="item150103.xml"><metadata><imsmd:lom><imsmd:general><imsmd:title><imsmd:langstring xml:lang="en">MultipleResponse</imsmd:langstring></imsmd:title></imsmd:general><imsmd:technical><imsmd:format>text/x-imsqti-item-xml</imsmd:format></imsmd:technical></imsmd:lom><imsqti:qtiMetadata><imsqti:interactionType>choiceInteraction</imsqti:interactionType></imsqti:qtiMetadata></metadata><file href="item150103.xml" /></resource><resource identifier="resource-item-150104" type="imsqti_item_xmlv2p1" href="item150104.xml"><metadata><imsmd:lom><imsmd:general><imsmd:title><imsmd:langstring xml:lang="en">MultipleResponse</imsmd:langstring></imsmd:title></imsmd:general><imsmd:technical><imsmd:format>text/x-imsqti-item-xml</imsmd:format></imsmd:technical></imsmd:lom><imsqti:qtiMetadata><imsqti:interactionType>choiceInteraction</imsqti:interactionType></imsqti:qtiMetadata></metadata><file href="item150104.xml" /></resource><resource identifier="resource-item-150105" type="imsqti_item_xmlv2p1" href="item150105.xml"><metadata><imsmd:lom><imsmd:general><imsmd:title><imsmd:langstring xml:lang="en">MultipleResponse</imsmd:langstring></imsmd:title></imsmd:general><imsmd:technical><imsmd:format>text/x-imsqti-item-xml</imsmd:format></imsmd:technical></imsmd:lom><imsqti:qtiMetadata><imsqti:interactionType>choiceInteraction</imsqti:interactionType></imsqti:qtiMetadata></metadata><file href="item150105.xml" /></resource><resource identifier="resource-item-150106" type="imsqti_item_xmlv2p1" href="item150106.xml"><metadata><imsmd:lom><imsmd:general><imsmd:title><imsmd:langstring xml:lang="en">EitherOr</imsmd:langstring></imsmd:title></imsmd:general><imsmd:technical><imsmd:format>text/x-imsqti-item-xml</imsmd:format></imsmd:technical></imsmd:lom><imsqti:qtiMetadata><imsqti:interactionType>choiceInteraction</imsqti:interactionType></imsqti:qtiMetadata></metadata><file href="item150106.xml" /></resource><resource identifier="resource-item-150107" type="imsqti_item_xmlv2p1" href="item150107.xml"><metadata><imsmd:lom><imsmd:general><imsmd:title><imsmd:langstring xml:lang="en">Order</imsmd:langstring></imsmd:title></imsmd:general><imsmd:technical><imsmd:format>text/x-imsqti-item-xml</imsmd:format></imsmd:technical></imsmd:lom><imsqti:qtiMetadata><imsqti:interactionType>orderInteraction</imsqti:interactionType></imsqti:qtiMetadata></metadata><file href="item150107.xml" /></resource><resource identifier="resource-item-150108" type="imsqti_item_xmlv2p1" href="item150108.xml"><metadata><imsmd:lom><imsmd:general><imsmd:title><imsmd:langstring xml:lang="en">MultipleResponse</imsmd:langstring></imsmd:title></imsmd:general><imsmd:technical><imsmd:format>text/x-imsqti-item-xml</imsmd:format></imsmd:technical></imsmd:lom><imsqti:qtiMetadata><imsqti:interactionType>choiceInteraction</imsqti:interactionType></imsqti:qtiMetadata></metadata><file href="item150108.xml" /></resource><resource identifier="resource-item-150109" type="imsqti_item_xmlv2p1" href="item150109.xml"><metadata><imsmd:lom><imsmd:general><imsmd:title><imsmd:langstring xml:lang="en">MultipleResponse</imsmd:langstring></imsmd:title></imsmd:general><imsmd:technical><imsmd:format>text/x-imsqti-item-xml</imsmd:format></imsmd:technical></imsmd:lom><imsqti:qtiMetadata><imsqti:interactionType>choiceInteraction</imsqti:interactionType></imsqti:qtiMetadata></metadata><file href="item150109.xml" /></resource><resource identifier="resource-item-150110" type="imsqti_item_xmlv2p1" href="item150110.xml"><metadata><imsmd:lom><imsmd:general><imsmd:title><imsmd:langstring xml:lang="en">MultipleResponse</imsmd:langstring></imsmd:title></imsmd:general><imsmd:technical><imsmd:format>text/x-imsqti-item-xml</imsmd:format></imsmd:technical></imsmd:lom><imsqti:qtiMetadata><imsqti:interactionType>choiceInteraction</imsqti:interactionType></imsqti:qtiMetadata></metadata><file href="item150110.xml" /></resource><resource identifier="resource-item-150111" type="imsqti_item_xmlv2p1" href="item150111.xml"><metadata><imsmd:lom><imsmd:general><imsmd:title><imsmd:langstring xml:lang="en">MultipleResponse</imsmd:langstring></imsmd:title></imsmd:general><imsmd:technical><imsmd:format>text/x-imsqti-item-xml</imsmd:format></imsmd:technical></imsmd:lom><imsqti:qtiMetadata><imsqti:interactionType>choiceInteraction</imsqti:interactionType></imsqti:qtiMetadata></metadata><file href="item150111.xml" /></resource><resource identifier="resource-item-150112" type="imsqti_item_xmlv2p1" href="item150112.xml"><metadata><imsmd:lom><imsmd:general><imsmd:title><imsmd:langstring xml:lang="en">MultipleResponse</imsmd:langstring></imsmd:title></imsmd:general><imsmd:technical><imsmd:format>text/x-imsqti-item-xml</imsmd:format></imsmd:technical></imsmd:lom><imsqti:qtiMetadata><imsqti:interactionType>choiceInteraction</imsqti:interactionType></imsqti:qtiMetadata></metadata><file href="item150112.xml" /></resource><resource identifier="resource-item-150113" type="imsqti_item_xmlv2p1" href="item150113.xml"><metadata><imsmd:lom><imsmd:general><imsmd:title><imsmd:langstring xml:lang="en">EitherOr</imsmd:langstring></imsmd:title></imsmd:general><imsmd:technical><imsmd:format>text/x-imsqti-item-xml</imsmd:format></imsmd:technical></imsmd:lom><imsqti:qtiMetadata><imsqti:interactionType>choiceInteraction</imsqti:interactionType></imsqti:qtiMetadata></metadata><file href="item150113.xml" /></resource><resource identifier="resource-item-150114" type="imsqti_item_xmlv2p1" href="item150114.xml"><metadata><imsmd:lom><imsmd:general><imsmd:title><imsmd:langstring xml:lang="en">MultipleResponse</imsmd:langstring></imsmd:title></imsmd:general><imsmd:technical><imsmd:format>text/x-imsqti-item-xml</imsmd:format></imsmd:technical></imsmd:lom><imsqti:qtiMetadata><imsqti:interactionType>choiceInteraction</imsqti:interactionType></imsqti:qtiMetadata></metadata><file href="item150114.xml" /></resource><resource identifier="resource-item-150115" type="imsqti_item_xmlv2p1" href="item150115.xml"><metadata><imsmd:lom><imsmd:general><imsmd:title><imsmd:langstring xml:lang="en">OpenAnswer</imsmd:langstring></imsmd:title></imsmd:general><imsmd:technical><imsmd:format>text/x-imsqti-item-xml</imsmd:format></imsmd:technical></imsmd:lom><imsqti:qtiMetadata><imsqti:interactionType>extendedTextInteraction</imsqti:interactionType></imsqti:qtiMetadata></metadata><file href="item150115.xml" /></resource><resource identifier="resource-item-150116" type="imsqti_item_xmlv2p1" href="item150116.xml"><metadata><imsmd:lom><imsmd:general><imsmd:title><imsmd:langstring xml:lang="en">EitherOr</imsmd:langstring></imsmd:title></imsmd:general><imsmd:technical><imsmd:format>text/x-imsqti-item-xml</imsmd:format></imsmd:technical></imsmd:lom><imsqti:qtiMetadata><imsqti:interactionType>choiceInteraction</imsqti:interactionType></imsqti:qtiMetadata></metadata><file href="item150116.xml" /></resource><resource identifier="resource-item-150117" type="imsqti_item_xmlv2p1" href="item150117.xml"><metadata><imsmd:lom><imsmd:general><imsmd:title><imsmd:langstring xml:lang="en">EitherOr</imsmd:langstring></imsmd:title></imsmd:general><imsmd:technical><imsmd:format>text/x-imsqti-item-xml</imsmd:format></imsmd:technical></imsmd:lom><imsqti:qtiMetadata><imsqti:interactionType>choiceInteraction</imsqti:interactionType></imsqti:qtiMetadata></metadata><file href="item150117.xml" /></resource><resource identifier="resource-item-150118" type="imsqti_item_xmlv2p1" href="item150118.xml"><metadata><imsmd:lom><imsmd:general><imsmd:title><imsmd:langstring xml:lang="en">EitherOr</imsmd:langstring></imsmd:title></imsmd:general><imsmd:technical><imsmd:format>text/x-imsqti-item-xml</imsmd:format></imsmd:technical></imsmd:lom><imsqti:qtiMetadata><imsqti:interactionType>choiceInteraction</imsqti:interactionType></imsqti:qtiMetadata></metadata><file href="item150118.xml" /></resource><resource identifier="resource-item-150119" type="imsqti_item_xmlv2p1" href="item150119.xml"><metadata><imsmd:lom><imsmd:general><imsmd:title><imsmd:langstring xml:lang="en">EitherOr</imsmd:langstring></imsmd:title></imsmd:general><imsmd:technical><imsmd:format>text/x-imsqti-item-xml</imsmd:format></imsmd:technical></imsmd:lom><imsqti:qtiMetadata><imsqti:interactionType>choiceInteraction</imsqti:interactionType></imsqti:qtiMetadata></metadata><file href="item150119.xml" /></resource></resources></manifest>