<?xml version="1.0" encoding="utf-8"?><assessmentItem xsi:schemaLocation="http://www.imsglobal.org/xsd/imscp_v1p1 http://www.imsglobal.org/xsd/imscp_v1p1.xsd http://www.imsglobal.org/xsd/imsmd_v1p2 http://www.imsglobal.org/xsd/imsmd_v1p2p2.xsd http://www.imsglobal.org/xsd/imsqti_v2p1 http://www.imsglobal.org/xsd/imsqti_v2p1.xsd" identifier="item150111" title="MultipleResponse" adaptive="false" timeDependent="false" toolName="itslearning" toolVersion="3.115" xmlns="http://www.imsglobal.org/xsd/imsqti_v2p1" xmlns:xsi="http://www.w3.org/2001/XMLSchema-instance" xmlns:qti="http://www.imsglobal.org/xsd/imsqti_v2p1"><responseDeclaration cardinality="multiple" baseType="identifier" identifier="RESPONSE"><correctResponse><value>A2</value><value>A3</value><value>A4</value></correctResponse><mapping lowerBound="-1" upperBound="1" defaultValue="0">        <mapEntry mapKey="A2" mappedValue="0.33333333333333331" />        <mapEntry mapKey="A3" mappedValue="0.33333333333333331" />        <mapEntry mapKey="A4" mappedValue="0.33333333333333331" />        <mapEntry mapKey="A0" mappedValue="-0.5" />        <mapEntry mapKey="A1" mappedValue="-0.5" />      </mapping></responseDeclaration><outcomeDeclaration cardinality="single" baseType="identifier" identifier="FEEDBACK" view="" normalMaximum="0" normalMinimum="0" masteryValue="0" /><outcomeDeclaration cardinality="multiple" baseType="identifier" identifier="INTEGRATEDFEEDBACK" view="" normalMaximum="0" normalMinimum="0" masteryValue="0" /><itemBody>      <p>Welke beweringen zijn juist over een Standup</p>      <choiceInteraction responseIdentifier="RESPONSE" shuffle="false" maxChoices="0" minChoices="0">        <simpleChoice fixed="false" showHide="show" identifier="A0">          <p>Het beste is om dat zittend te doen, dat praat het lekkerst.</p>          </simpleChoice>        <simpleChoice fixed="false" showHide="show" identifier="A1">          <p>Iedereen mag iedereen alle vragen stellen.</p>          </simpleChoice>        <simpleChoice fixed="false" showHide="show" identifier="A2">          <p>We houden het kort en bondig.</p>          </simpleChoice>        <simpleChoice fixed="false" showHide="show" identifier="A3">          <p>Iedereen luisterd aandachtig naar elkaar.</p>          </simpleChoice>        <simpleChoice fixed="false" showHide="show" identifier="A4">          <p>Een standup is het beste moment om aan je team te vertellen dat je hulp nodog hebt.</p>          </simpleChoice>      </choiceInteraction>    </itemBody><responseProcessing /></assessmentItem>