<?xml version="1.0" encoding="utf-8"?><assessmentItem xsi:schemaLocation="http://www.imsglobal.org/xsd/imscp_v1p1 http://www.imsglobal.org/xsd/imscp_v1p1.xsd http://www.imsglobal.org/xsd/imsmd_v1p2 http://www.imsglobal.org/xsd/imsmd_v1p2p2.xsd http://www.imsglobal.org/xsd/imsqti_v2p1 http://www.imsglobal.org/xsd/imsqti_v2p1.xsd" identifier="item150103" title="MultipleResponse" adaptive="false" timeDependent="false" toolName="itslearning" toolVersion="3.115" xmlns="http://www.imsglobal.org/xsd/imsqti_v2p1" xmlns:xsi="http://www.w3.org/2001/XMLSchema-instance" xmlns:qti="http://www.imsglobal.org/xsd/imsqti_v2p1"><responseDeclaration cardinality="multiple" baseType="identifier" identifier="RESPONSE"><correctResponse><value>A1</value><value>A4</value><value>A6</value></correctResponse><mapping lowerBound="-1" upperBound="1" defaultValue="0">        <mapEntry mapKey="A1" mappedValue="0.33333333333333331" />        <mapEntry mapKey="A4" mappedValue="0.33333333333333331" />        <mapEntry mapKey="A6" mappedValue="0.33333333333333331" />        <mapEntry mapKey="A0" mappedValue="-0.25" />        <mapEntry mapKey="A2" mappedValue="-0.25" />        <mapEntry mapKey="A3" mappedValue="-0.25" />        <mapEntry mapKey="A5" mappedValue="-0.25" />      </mapping></responseDeclaration><outcomeDeclaration cardinality="single" baseType="identifier" identifier="FEEDBACK" view="" normalMaximum="0" normalMinimum="0" masteryValue="0" /><outcomeDeclaration cardinality="multiple" baseType="identifier" identifier="INTEGRATEDFEEDBACK" view="" normalMaximum="0" normalMinimum="0" masteryValue="0" /><itemBody>      <p>Welke beweringen zijn juist over een backlog.</p>      <choiceInteraction responseIdentifier="RESPONSE" shuffle="false" maxChoices="0" minChoices="0">        <simpleChoice fixed="false" showHide="show" identifier="A0">          <p>Een backlog bestaat uit alle taken waarmee een team bezig is.</p>          </simpleChoice>        <simpleChoice fixed="false" showHide="show" identifier="A1">          <p>Een backlog bestaat uit alle taken die een team nog eens moet gaan doen.</p>          </simpleChoice>        <simpleChoice fixed="false" showHide="show" identifier="A2">          <p>Een backlog is hetzelfde als een sprint taak.</p>          </simpleChoice>        <simpleChoice fixed="false" showHide="show" identifier="A3">          <p>Een backlog heeft uitsluitend taken die 1 les duren.</p>          </simpleChoice>        <simpleChoice fixed="false" showHide="show" identifier="A4">          <p>Een backlog heeft taken die naukeurig zijn beschrijven.</p>          </simpleChoice>        <simpleChoice fixed="false" showHide="show" identifier="A5">          <p>Een teamlid haal uit de backlog een taak die hij kan gaan doen.</p>          </simpleChoice>        <simpleChoice fixed="false" showHide="show" identifier="A6">          <p>Nieuwe taken worden altijd in de backlog gezet.</p>          </simpleChoice>      </choiceInteraction>    </itemBody><responseProcessing /></assessmentItem>