<?xml version="1.0" encoding="utf-8"?><assessmentItem xsi:schemaLocation="http://www.imsglobal.org/xsd/imscp_v1p1 http://www.imsglobal.org/xsd/imscp_v1p1.xsd http://www.imsglobal.org/xsd/imsmd_v1p2 http://www.imsglobal.org/xsd/imsmd_v1p2p2.xsd http://www.imsglobal.org/xsd/imsqti_v2p1 http://www.imsglobal.org/xsd/imsqti_v2p1.xsd" identifier="item150105" title="MultipleResponse" adaptive="false" timeDependent="false" toolName="itslearning" toolVersion="3.115" xmlns="http://www.imsglobal.org/xsd/imsqti_v2p1" xmlns:xsi="http://www.w3.org/2001/XMLSchema-instance" xmlns:qti="http://www.imsglobal.org/xsd/imsqti_v2p1"><responseDeclaration cardinality="multiple" baseType="identifier" identifier="RESPONSE"><correctResponse><value>A1</value><value>A3</value><value>A5</value></correctResponse><mapping lowerBound="-1" upperBound="1" defaultValue="0">        <mapEntry mapKey="A1" mappedValue="0.33333333333333331" />        <mapEntry mapKey="A3" mappedValue="0.33333333333333331" />        <mapEntry mapKey="A5" mappedValue="0.33333333333333331" />        <mapEntry mapKey="A0" mappedValue="-0.33333333333333331" />        <mapEntry mapKey="A2" mappedValue="-0.33333333333333331" />        <mapEntry mapKey="A4" mappedValue="-0.33333333333333331" />      </mapping></responseDeclaration><outcomeDeclaration cardinality="single" baseType="identifier" identifier="FEEDBACK" view="" normalMaximum="0" normalMinimum="0" masteryValue="0" /><outcomeDeclaration cardinality="multiple" baseType="identifier" identifier="INTEGRATEDFEEDBACK" view="" normalMaximum="0" normalMinimum="0" masteryValue="0" /><itemBody>      <p>Welke beweringen zijn juist over Scrum Poker.</p>      <choiceInteraction responseIdentifier="RESPONSE" shuffle="false" maxChoices="0" minChoices="0">        <simpleChoice fixed="false" showHide="show" identifier="A0">          <p>Roral Flush is het beste om te hebben.</p>          </simpleChoice>        <simpleChoice fixed="false" showHide="show" identifier="A1">          <p>Met scrum poker kan je storypoints inzetten.</p>          </simpleChoice>        <simpleChoice fixed="false" showHide="show" identifier="A2">          <p>De winnaar met scrum poker is degene die de juiste storypoint inzet.</p>          </simpleChoice>        <simpleChoice fixed="false" showHide="show" identifier="A3">          <p>We gaan net zo lang Scrum pokeren tot we het met alle taken eens zijn hoeveel punten ze zijn.</p>          </simpleChoice>        <simpleChoice fixed="false" showHide="show" identifier="A4">          <p>De storypoints op scrum poker kaarten zijn : ½, 1, 2, 3, 4, 5, 6, 7, 8, 9, 10, 20, 30, 40, 50.</p>          </simpleChoice>        <simpleChoice fixed="false" showHide="show" identifier="A5">          <p>Bij Scrum poker draait iedereen tegelijk zijn kaarten om.</p>          </simpleChoice>      </choiceInteraction>    </itemBody><responseProcessing /></assessmentItem>