<?xml version="1.0" encoding="utf-8"?><assessmentItem xsi:schemaLocation="http://www.imsglobal.org/xsd/imscp_v1p1 http://www.imsglobal.org/xsd/imscp_v1p1.xsd http://www.imsglobal.org/xsd/imsmd_v1p2 http://www.imsglobal.org/xsd/imsmd_v1p2p2.xsd http://www.imsglobal.org/xsd/imsqti_v2p1 http://www.imsglobal.org/xsd/imsqti_v2p1.xsd" identifier="item150099" title="MultipleResponse" adaptive="false" timeDependent="false" toolName="itslearning" toolVersion="3.115" xmlns="http://www.imsglobal.org/xsd/imsqti_v2p1" xmlns:xsi="http://www.w3.org/2001/XMLSchema-instance" xmlns:qti="http://www.imsglobal.org/xsd/imsqti_v2p1"><responseDeclaration cardinality="multiple" baseType="identifier" identifier="RESPONSE"><correctResponse><value>A0</value><value>A2</value><value>A3</value></correctResponse><mapping lowerBound="-1" upperBound="1" defaultValue="0">        <mapEntry mapKey="A0" mappedValue="0.33333333333333331" />        <mapEntry mapKey="A2" mappedValue="0.33333333333333331" />        <mapEntry mapKey="A3" mappedValue="0.33333333333333331" />        <mapEntry mapKey="A1" mappedValue="-0.33333333333333331" />        <mapEntry mapKey="A4" mappedValue="-0.33333333333333331" />        <mapEntry mapKey="A5" mappedValue="-0.33333333333333331" />      </mapping></responseDeclaration><outcomeDeclaration cardinality="single" baseType="identifier" identifier="FEEDBACK" view="" normalMaximum="0" normalMinimum="0" masteryValue="0" /><outcomeDeclaration cardinality="multiple" baseType="identifier" identifier="INTEGRATEDFEEDBACK" view="" normalMaximum="0" normalMinimum="0" masteryValue="0" /><itemBody>      <p>Een scrum project heeft de volgende rollen.</p>      <choiceInteraction responseIdentifier="RESPONSE" shuffle="false" maxChoices="0" minChoices="0">        <simpleChoice fixed="false" showHide="show" identifier="A0">          <p>Team leden.</p>          </simpleChoice>        <simpleChoice fixed="false" showHide="show" identifier="A1">          <p>Directeur.</p>          </simpleChoice>        <simpleChoice fixed="false" showHide="show" identifier="A2">          <p>Scrum master</p>          </simpleChoice>        <simpleChoice fixed="false" showHide="show" identifier="A3">          <p>Product owner</p>          </simpleChoice>        <simpleChoice fixed="false" showHide="show" identifier="A4">          <p>Secretaresse</p>          </simpleChoice>        <simpleChoice fixed="false" showHide="show" identifier="A5">          <p>Product ontwikkelaar</p>          </simpleChoice>      </choiceInteraction>    </itemBody><responseProcessing /></assessmentItem>