<?xml version="1.0" encoding="utf-8"?><assessmentItem xsi:schemaLocation="http://www.imsglobal.org/xsd/imscp_v1p1 http://www.imsglobal.org/xsd/imscp_v1p1.xsd http://www.imsglobal.org/xsd/imsmd_v1p2 http://www.imsglobal.org/xsd/imsmd_v1p2p2.xsd http://www.imsglobal.org/xsd/imsqti_v2p1 http://www.imsglobal.org/xsd/imsqti_v2p1.xsd" identifier="item150098" title="MultipleResponse" adaptive="false" timeDependent="false" toolName="itslearning" toolVersion="3.115" xmlns="http://www.imsglobal.org/xsd/imsqti_v2p1" xmlns:xsi="http://www.w3.org/2001/XMLSchema-instance" xmlns:qti="http://www.imsglobal.org/xsd/imsqti_v2p1"><responseDeclaration cardinality="multiple" baseType="identifier" identifier="RESPONSE"><correctResponse><value>A3</value><value>A5</value><value>A6</value><value>A7</value></correctResponse><mapping lowerBound="-1" upperBound="1" defaultValue="0">        <mapEntry mapKey="A3" mappedValue="0.25" />        <mapEntry mapKey="A5" mappedValue="0.25" />        <mapEntry mapKey="A6" mappedValue="0.25" />        <mapEntry mapKey="A7" mappedValue="0.25" />        <mapEntry mapKey="A0" mappedValue="-0.25" />        <mapEntry mapKey="A1" mappedValue="-0.25" />        <mapEntry mapKey="A2" mappedValue="-0.25" />        <mapEntry mapKey="A4" mappedValue="-0.25" />      </mapping></responseDeclaration><outcomeDeclaration cardinality="single" baseType="identifier" identifier="FEEDBACK" view="" normalMaximum="0" normalMinimum="0" masteryValue="0" /><outcomeDeclaration cardinality="multiple" baseType="identifier" identifier="INTEGRATEDFEEDBACK" view="" normalMaximum="0" normalMinimum="0" masteryValue="0" /><itemBody>      <p>Welke beweringen zijn waar over Scrum? Selecteer meerdere antwoorden.</p>      <choiceInteraction responseIdentifier="RESPONSE" shuffle="false" maxChoices="0" minChoices="0">        <simpleChoice fixed="false" showHide="show" identifier="A0">          <p>Scrum is een nieuwe naam voor waterval methode.</p>          </simpleChoice>        <simpleChoice fixed="false" showHide="show" identifier="A1">          <p>Scrum is ideaal om alleen wat te gaan maken.</p>          </simpleChoice>        <simpleChoice fixed="false" showHide="show" identifier="A2">          <p>Ik zou scrum gebruiken om een huis te bouwen.</p>          </simpleChoice>        <simpleChoice fixed="false" showHide="show" identifier="A3">          <p>Scrum is ideaal bij veranderende omstandigheden.</p>          </simpleChoice>        <simpleChoice fixed="false" showHide="show" identifier="A4">          <p>Met scrum duurt het jaren voordat je doorhebt dat je op de verkeerde weg zit.</p>          </simpleChoice>        <simpleChoice fixed="false" showHide="show" identifier="A5">          <p>Scrum doe je met een team.</p>          </simpleChoice>        <simpleChoice fixed="false" showHide="show" identifier="A6">          <p>Scum gebruikt artifacten en ceremonies om een doel te bereiken.</p>          </simpleChoice>        <simpleChoice fixed="false" showHide="show" identifier="A7">          <p>Heel veer grote bedrijven gebruiken scrum.</p>          </simpleChoice>      </choiceInteraction>    </itemBody><responseProcessing /></assessmentItem>